val,BTC,ETH,BNB,SOL,USDC,XRP,STETH,DOGE,TRX,TON,ADA,AVAX,SHIB,WBTC,LINK,UNI,BCH,DOT,NEAR,SUI,LTC,DAI,APT,WEETH,PEPE,TAO,ICP,FET,CAKE,KAS,IMX,FDUSD,XMR,ETC,POL,STX,RENDER,WIF,WBT,USDE,AAVE,FIL,OP,ARB
max,106157.112526539,4810.00481000481,750.187546886722,261.848651479445,1.02595670462706,3.29380764163373,4058.44155844156,0.689179875947622,0.429184549356223,8.03858520900322,2.96647878967665,135.263086703639,7.92900055740874E-05,105932.203389831,52.3012552301255,43.1778929188256,2857.14285714286,53.9083557951482,20.2061022428774,5.29100529100529,388.349514563107,4.06834825061025,18.3385292499542,4214.07501053519,2.65299982649381E-05,713.775874375446,426.985482493595,3.2605151613955,42.6985482493595,0.197316495659037,3.64564345607,1.11994624258036,484.730974309258,133.582687683676,1.39295166457724,3.72300819061802,10.489877268436,4.58505272810637,28.5551113649343,1.00532823967025,628.930817610063,190.803281816447,4.70809792843691,2.26090888537192
min,3232.06205559147,84.1042893187553,4.53309156844968,0,0,0.138504155124654,0,0.0015242043653213,0.00855505175806314,0,0.023696682464455,0,0,0,0.165864985901476,0,61.6903146206046,0,0,0,23.121387283237,0.819000819000819,0,0,0,0,0,0,0,0,0,0,32.7439423706614,3.47222222222222,0,0.00278792271878224,0,0,0,0,0,0,0,0
